,start,end
OB001,201804132000,201804152300
OB002,201705152000,201705202300
OB003,201704282000,201705012300
OB004,201703062000,201703072300
OB005,201702282000,201703012300
OB006,201702072000,201702072300
OB007,201701212000,201701232300
OB008,201611272000,201611302300
OB009,201608242000,201608242300
OB010,201605222000,201605262300
OB011,201605072000,201605102300
OB012,201602232000,201602242300
OB013,201512262000,201512282300
OB014,201512232000,201512252300
OB015,201511162000,201511182300
OB016,201506222000,201506232300
OB017,201505232000,201505252300
OB018,201505052000,201505102300
OB019,201504082000,201504092300
OB020,201412232000,201412242300
OBRIP,201305311600,201306010400
